id,wd_id,wp_id,slug,name,occupation,prob_ratio,gender,twitter,alive,l,hpi_raw,bplace_name,bplace_lat,bplace_lon,bplace_geonameid,bplace_country,birthdate,birthyear,dplace_name,dplace_lat,dplace_lon,dplace_geonameid,dplace_country,deathdate,deathyear,bplace_geacron_name,dplace_geacron_name,is_group,l_,age,non_en_page_views,coefficient_of_variation,hpi
6844407,Q83287,6844407,Selena_Gomez,Selena Gomez,SINGER,0.0,F,selenagomez,True,127,23,"Grand Prairie, Texas",32.71527778,-97.01694444,151157.0,United States,1992-07-22,1992.0,,,,,,,,,,False,8.463941638470681,28.0,2431657.0,5.64905945417775,67.47426790620638
25276055,Q151892,25276055,Ariana_Grande,Ariana Grande,SINGER,19.4841273897908,F,ArianaGrande,True,95,23,"Boca Raton, Florida",26.36861111,-80.1,44745.0,United States,1993-06-26,1993.0,,,,,,,,,,False,8.474179243722672,27.0,3511224.0,4.925454152892765,66.91671688795992
42249836,Q16843706,42249836,Gigi_Hadid,Gigi Hadid,MODEL,2.6300482237146547,F,GiGiHadid,True,46,23,Los Angeles,34.05,-118.25,18110.0,United States,1995-04-23,1995.0,,,,,,,,United States,,False,15.452170611786082,25.0,1866468.0,1.6557700959030777,66.67805090938359
8135890,Q4235,8135890,Miley_Cyrus,Miley Cyrus,SINGER,0.0,F,MileyCyrus,True,106,22,"Franklin, Tennessee",35.92916667,-86.8575,135422.0,United States,1992-11-23,1992.0,,,,,,,,United States,,False,6.5829872251010375,28.0,1926986.0,5.808355495699799,64.68722551381765
53785363,Q29564107,53785363,Billie_Eilish,Billie Eilish,SINGER,1.5795150005616516,F,BillieEilish,True,74,22,Los Angeles,34.05,-118.25,18110.0,United States,2001-12-18,2001.0,,,,,,,,United States,,False,8.377544204673212,19.0,6886958.0,4.044161673379927,64.67326327720437
46252498,Q18534249,46252498,Halsey_(singer),Halsey,SINGER,6.089021687659668,F,halseymusic,True,44,21,"Edison, New Jersey",40.5274,-74.3933,125414.0,United States,1994-09-29,1994.0,,,,,,,,,,False,13.141217635761322,26.0,965320.0,1.8601945135104383,64.11210163126057
21881809,Q1770624,21881809,Kylie_Jenner,Kylie Jenner,MODEL,3.015819152264557,F,kyliejenner,True,55,21,Los Angeles,34.05,-118.25,18110.0,United States,1997-08-10,1997.0,,,,,,,,United States,,False,8.352560779859301,23.0,3824743.0,3.5040579527210887,63.66606364488966
6162301,Q115541,6162301,Dakota_Fanning,Dakota Fanning,ACTOR,0.0,F,itsdakotafannin,True,71,20,"Conyers, Georgia",33.66638889,-84.0075,110327.0,United States,1994-02-23,1994.0,,,,,,,,United States,,False,5.843745762881518,26.0,1666964.0,4.678682291468892,61.53510658489497
12520860,Q41173,12520860,Demi_Lovato,Demi Lovato,SINGER,0.0,F,ddlovato,True,108,20,"Albuquerque, New Mexico",35.11083333,-106.61,51278.0,United States,1992-08-20,1992.0,,,,,,,,United States,,False,4.141147562680942,28.0,1227692.0,7.119210981271523,60.86079208108952
1434568,Q228598,1434568,Emma_Roberts,Emma Roberts,ACTOR,0.0,F,RobertsEmma,True,61,20,"Rhinebeck (village), New York",41.9275,-73.90888889,259761.0,United States,1991-02-10,1991.0,,,,,,,,United States,,False,5.128065104261483,29.0,1295016.0,4.556376036987432,60.69961668835375
24537060,Q1375057,24537060,Kendall_Jenner,Kendall Jenner,MODEL,12.765444486437778,F,kendalljenner,True,57,20,Los Angeles,34.05,-118.25,18110.0,United States,1995-11-03,1995.0,,,,,,,,United States,,False,5.3731115986522,25.0,2021219.0,4.600998992173806,60.169460692012485
28753159,Q189489,28753159,Zendaya,Zendaya,ACTOR,0.0,F,zendaya,True,66,20,"Oakland, California",37.80444444,-122.27083333,50548.0,United States,1996-09-01,1996.0,,,,,,,,,,False,5.4432998297269135,24.0,1745845.0,4.755670176166999,60.132757824767786
2331462,Q231058,2331462,Shailene_Woodley,Shailene Woodley,ACTOR,0.0,F,shailenewoodley,True,54,20,"San Bernardino, California",34.1,-117.3,108016.0,United States,1991-11-15,1991.0,,,,,,,,,,False,5.514315254491375,29.0,987784.0,4.286254830567943,59.93569799365324
11061022,Q228603,11061022,Saoirse_Ronan,Saoirse Ronan,ACTOR,0.0,F,saoirse_ronan,True,54,20,New York City,40.71274,-74.005974,645042.0,United States,1994-04-12,1994.0,,,,,,,,United States,,False,5.411519569971223,26.0,1573923.0,4.278547937135935,59.87685391561414
3253211,Q4509,3253211,Chloë_Grace_Moretz,Chloë Grace Moretz,ACTOR,0.0,F,ChloeGMoretz,True,62,20,Atlanta,33.755,-84.39,3138.0,United States,1997-02-10,1997.0,,,,,,,,United States,,False,6.213937351143138,23.0,1263776.0,4.325760782182383,59.527287717787374
53594450,Q29033668,53594450,Cardi_B,Cardi B,ACTOR,3.717929295220572,F,iamcardib,True,51,20,New York City,40.71274,-74.005974,645042.0,United States,1992-10-11,1992.0,,,,,,,,United States,,False,4.762207870853654,28.0,1408564.0,4.588807607242561,59.26346353137839
22563958,Q112536,22563958,Joey_King,Joey King,ACTOR,2189.0460071215034,F,JoeyKing,True,63,19,Los Angeles,34.05,-118.25,18110.0,United States,1999-07-30,1999.0,,,,,,,,United States,,False,5.304807361191381,21.0,1624598.0,4.405779255052032,58.61735839179476
36791152,Q7396400,36791152,Sabrina_Carpenter,Sabrina Carpenter,ACTOR,23.625197404222327,F,SabrinaAnnLynn,True,40,19,Lehigh Valley,40.63333333,-75.33333333,1165886.0,United States,1999-05-11,1999.0,,,,,,,,,,False,10.347826809667929,21.0,501548.0,2.2110949484084284,58.47343917953758
19682193,Q230209,19682193,Elizabeth_Gillies,Elizabeth Gillies,ACTOR,947.0937031028764,F,LizGillies,True,42,19,"Haworth, New Jersey",40.962737,-73.99747,136887.0,United States,1993-07-26,1993.0,,,,,,,,,,False,5.407014419596639,27.0,830041.0,3.4484553694770854,57.95310194005396
1653786,Q228943,1653786,Elle_Fanning,Elle Fanning,ACTOR,0.0,F,ElleFanning,True,47,19,"Conyers, Georgia",33.66638889,-84.0075,110327.0,United States,1998-04-09,1998.0,,,,,,,,United States,,False,5.631191422747583,22.0,1416501.0,3.9288406423044537,57.798276617771705
9271515,Q208117,9271515,Bella_Thorne,Bella Thorne,ACTOR,0.0,F,bellathorne,True,60,19,"Pembroke Pines, Florida",26.0125,-80.31361111,109061.0,United States,1997-10-08,1997.0,,,,,,,,,,False,5.0055511544466045,23.0,1084660.0,4.568996744185234,57.77854831927992
1941155,Q193509,1941155,Taylor_Momsen,Taylor Momsen,ACTOR,0.0,F,taylormomsen,True,61,19,St. Louis,38.62722222,-90.19777778,27687.0,United States,1993-07-26,1993.0,,,,,,,,United States,,False,5.46330467563405,27.0,415656.0,4.495229502012221,57.48325029002687
51237620,Q28659500,51237620,Camila_Mendes,Camila Mendes,ACTOR,140.61379534545796,F,CamilaMendes,True,29,19,"Charlottesville, Virginia",38.0299,-78.479,91343.0,United States,1994-06-29,1994.0,,,,,,,,,,False,6.043266115713226,26.0,978999.0,2.5292206701090283,57.468825719988736
41938992,Q16240603,41938992,Maddie_Ziegler,Maddie Ziegler,ACTOR,2.1987919787671366,F,maddieziegler,True,37,19,Pittsburgh,40.43972222,-79.97638889,25101.0,United States,2002-09-30,2002.0,,,,,,,,United States,,False,10.338022881273709,18.0,519919.0,2.002209052558152,57.21246267470171
44514422,Q18222476,44514422,Sofia_Carson,Sofia Carson,ACTOR,773.1751157183286,F,SofiaCarson,True,32,19,"Fort Lauderdale, Florida",26.13333333,-80.15,109028.0,United States,1993-04-10,1993.0,,,,,,,,,,False,5.299833915678637,27.0,913281.0,2.9257029933570475,57.15025160093777
39300464,Q13560423,39300464,Dove_Cameron,Dove Cameron,ACTOR,784.2282817506191,F,DoveCameron,True,62,19,Seattle,47.60972222,-122.33305556,11388236.0,United States,1996-01-15,1996.0,,,,,,,,,,False,4.9241259410916856,24.0,726393.0,4.789148980686486,57.13539835763286
58585064,Q56755505,58585064,Ava_Max,Ava Max,SINGER,4.953679426437262,F,avamax,True,40,19,Milwaukee,43.05,-87.95,53117.0,United States,1994-02-16,1994.0,,,,,,,,,,False,5.056396933538274,26.0,784003.0,3.4695305672505654,56.84518452561856
2662543,Q200194,2662543,Victoria_Justice,Victoria Justice,ACTOR,0.0,F,VictoriaJustice,True,57,18,"Hollywood, Florida",26.02138889,-80.175,109038.0,United States,1993-02-19,1993.0,,,,,,,,United States,,False,4.533641842696477,27.0,521836.0,4.737506026942852,56.65623624815164
53549830,Q28839217,53549830,Madelaine_Petsch,Madelaine Petsch,ACTOR,157.32774292316896,F,madelainepetsch,True,29,18,"Port Orchard, Washington",47.53166667,-122.63833333,138051.0,United States,1994-08-18,1994.0,,,,,,,,,,False,6.383055496935909,26.0,548581.0,2.426277599375917,56.40751811381825
53224902,Q28653501,53224902,Lili_Reinhart,Lili Reinhart,ACTOR,105.50448875138343,F,lilireinhart,True,32,18,Cleveland,41.48222222,-81.66972222,5951.0,United States,1996-09-13,1996.0,,,,,,,,,,False,4.851257776442143,24.0,1352106.0,3.231432798673956,56.29807601303613
723489,Q5104,723489,Miranda_Cosgrove,Miranda Cosgrove,ACTOR,0.0,F,MirandaBuzz,True,62,18,Los Angeles,34.05,-118.25,18110.0,United States,1993-05-14,1993.0,,,,,,,,United States,,False,4.125804110566302,27.0,490041.0,5.204664718918937,56.21690157237827
13395562,Q201418,13395562,Abigail_Breslin,Abigail Breslin,ACTOR,0.0,F,yoabbaabba,True,49,18,New York City,40.71274,-74.005974,645042.0,United States,1996-04-14,1996.0,,,,,,,,United States,,False,5.294125205508,24.0,586095.0,4.081626687534843,56.19245418874867
48163910,Q21286612,48163910,Bella_Hadid,Bella Hadid,MODEL,3.0654928616791195,F,bellahadid,True,33,18,"Washington, D.C.",38.90472222,-77.01638889,108956.0,United States,1996-10-09,1996.0,,,,,,,,United States,,False,4.986296261922252,24.0,973758.0,3.1245049261393296,55.85655991249484
20437813,Q204005,20437813,Debby_Ryan,Debby Ryan,ACTOR,0.0,F,DebbyRyan,True,54,18,"Huntsville, Alabama",34.73,-86.585,104854.0,United States,1993-05-13,1993.0,,,,,,,,United States,,False,4.151568018854039,27.0,499133.0,4.769131094244931,55.82514077638384
1991570,Q105695,1991570,AnnaSophia_Robb,AnnaSophia Robb,ACTOR,0.0,F,robbannasophia,True,45,18,Denver,39.73916667,-104.99027778,8522.0,United States,1993-12-08,1993.0,,,,,,,,United States,,False,4.788913038359839,27.0,457852.0,4.174247631988691,55.74557457862048
26260043,Q231726,26260043,Hailee_Steinfeld,Hailee Steinfeld,ACTOR,0.0,F,HaileeSteinfeld,True,50,18,"Tarzana, Los Angeles",34.17333,-118.55306,434502.0,United States,1996-12-11,1996.0,,,,,,,,,,False,4.284766011652945,24.0,751185.0,4.619810846370895,55.55219150039049
2565242,Q234512,2565242,Willa_Holland,Willa Holland,ACTOR,147.5462717921927,F,Willaaaah,True,37,18,Los Angeles,34.05,-118.25,18110.0,United States,1991-06-18,1991.0,,,,,,,,United States,,False,5.717825588325438,29.0,237635.0,3.137002575722548,55.48407334041693
7079612,Q4473,7079612,Jennette_McCurdy,Jennette McCurdy,ACTOR,0.0,F,jennettemccurdy,True,47,18,"Long Beach, California",33.76833333,-118.19555556,94240.0,United States,1992-06-26,1992.0,,,,,,,,,,False,4.302981954945004,28.0,416414.0,4.374597458292466,55.45429146290216
33499713,Q389017,33499713,Taissa_Farmiga,Taissa Farmiga,ACTOR,148.67102331085212,F,taissafarmiga,True,37,18,"Whitehouse Station, New Jersey",40.616169,-74.771893,125374.0,United States,1994-08-17,1994.0,,,,,,,,,,False,5.083510499252544,26.0,391082.0,3.580905013447192,54.683305663733975
22755799,Q36195,22755799,Molly_Quinn,Molly Quinn,ACTOR,0.0,F,MollyQuinn93,True,32,18,"Texarkana, Texas",33.43722222,-94.0675,135528.0,United States,1993-10-08,1993.0,,,,,,,,United States,,False,6.071262498708875,27.0,226719.0,2.6189829387244,54.64517066389613
29012475,Q94913,29012475,Mackenzie_Foy,Mackenzie Foy,ACTOR,0.0,F,mackenziefoy,True,37,18,Los Angeles,34.05,-118.25,18110.0,United States,2000-11-10,2000.0,,,,,,,,United States,,False,7.194497342396439,20.0,394751.0,2.9336804785011315,54.59425677595141
37236984,Q1393997,37236984,Becky_G,Becky G,SINGER,2.9332516000122766,F,iambeckyg,True,39,18,"Inglewood, California",33.9575,-118.34611111,107640.0,United States,1997-03-02,1997.0,,,,,,,,,,False,4.760534130913788,23.0,555744.0,3.415318656580396,54.45852145787679
31008752,Q231536,31008752,Kate_Upton,Kate Upton,MODEL,16.5811419189242,F,kateupton,True,49,18,"St. Joseph, Michigan",42.09805556,-86.48416667,117180.0,United States,1992-06-10,1992.0,,,,,,,,,,False,4.327618463703128,28.0,264413.0,4.700335227300702,54.38558545649224
4339721,Q12071552,4339721,Tiffany_Trump,Tiffany Trump,SINGER,1.051048471485737,F,TiffanyATrump,True,41,17,"West Palm Beach, Florida",26.70972222,-80.06416667,109634.0,United States,1993-10-13,1993.0,,,,,,,,,,False,3.499225761536793,27.0,612595.0,4.666705018811152,54.17416279660251
51135409,Q26232134,51135409,Natalia_Dyer,Natalia Dyer,ACTOR,365.6295114672823,F,NataliaDyer,True,32,17,"Nashville, Tennessee",36.16666667,-86.78333333,22018.0,United States,1995-01-13,1995.0,,,,,,,,United States,,False,5.178341328566486,25.0,407228.0,3.3011716870042864,53.977243906238655
1873388,Q188401,1873388,Emily_Osment,Emily Osment,ACTOR,0.0,F,EmilyOsment,True,51,17,Los Angeles,34.05,-118.25,18110.0,United States,1992-03-10,1992.0,,,,,,,,United States,,False,3.884580962654687,28.0,256452.0,4.801808504861465,53.91985263618663
97803,Q55497,97803,Jamie_Lynn_Spears,Jamie Lynn Spears,ACTOR,0.0,F,jamielynnspears,True,40,17,"McComb, Mississippi",31.24447222,-90.47159167,122397.0,United States,1991-04-04,1991.0,,,,,,,,United States,,False,3.0968048657219582,29.0,464854.0,4.526787866618188,53.585018086123625
38659992,Q7520267,38659992,Simone_Biles,Simone Biles,GYMNAST,14.577190988413696,F,Simone_Biles,True,47,17,"Columbus, Ohio",39.96222222,-83.00055556,5950.0,United States,1997-03-14,1997.0,,,,,,,,United States,,False,4.091892818816867,23.0,448033.0,4.374597909113959,53.485741406964905
47572155,Q20882479,47572155,Anya_Taylor-Joy,Anya Taylor-Joy,ACTOR,296.5334691899672,F,anyataylorjoy,True,28,17,Miami,25.77527778,-80.20888889,53846.0,United States,1996-04-16,1996.0,,,,,,,,United States,,False,4.038042642282742,24.0,653492.0,3.260243546001768,52.902830182636585
23819601,Q236347,23819601,Nicola_Peltz,Nicola Peltz,ACTOR,0.0,F,nicolaannepeltz,True,34,17,"Westchester County, New York",41.15,-73.76666667,48367.0,United States,1995-01-09,1995.0,,,,,,,,United States,,False,3.620059260450281,25.0,565959.0,4.036555123766765,52.8206025582946
33907196,Q139075,33907196,Mikaela_Shiffrin,Mikaela Shiffrin,SKIER,7.9090429953935475,F,MikaelaShiffrin,True,34,17,"Vail, Colorado",39.64166667,-106.375,108471.0,United States,1995-03-13,1995.0,,,,,,,,,,False,5.950088802044345,25.0,144329.0,2.8021298672281403,52.80180980650319
6796626,Q237053,6796626,Isabelle_Fuhrman,Isabelle Fuhrman,ACTOR,569.913374362387,F,isabellefuhrman,True,37,17,"Washington, D.C.",38.90472222,-77.01638889,108956.0,United States,1997-02-25,1997.0,,,,,,,,United States,,False,5.624177945502802,23.0,209266.0,3.2549406249599486,52.72255704651414
26392255,Q439939,26392255,Kiernan_Shipka,Kiernan Shipka,ACTOR,81.91323547842663,F,kiernanshipka,True,32,17,Chicago,41.88194444,-87.62777778,6886.0,United States,1999-11-10,1999.0,,,,,,,,United States,,False,4.611816169597285,21.0,555549.0,3.1918504997996218,52.705286795183135
10658304,Q267119,10658304,Vanessa_Marano,Vanessa Marano,ACTOR,85.13768527411496,F,VanessaMarano,True,26,17,Los Angeles,34.05,-118.25,18110.0,United States,1992-10-31,1992.0,,,,,,,,United States,,False,6.5225009079960765,28.0,96379.0,2.264024882640191,52.58707256461688
43256079,Q17380672,43256079,Margaret_Qualley,Margaret Qualley,ACTOR,1655.2487730476196,F,,True,28,17,"Kalispell, Montana",48.19777778,-114.31611111,123384.0,United States,1994-10-23,1994.0,,,,,,,,,,False,3.7459557870697706,26.0,520876.0,3.5416739998687325,52.52601815810575
47233104,Q22277846,47233104,Karen_Fukuhara,Karen Fukuhara,ACTOR,832.7055311297008,F,KarenFukuhara,True,19,17,Los Angeles,34.05,-118.25,18110.0,United States,1992-02-10,1992.0,,,,,,,,United States,,False,6.3050382643419125,28.0,155676.0,1.875351441425863,52.51942423315906
38879280,Q28148022,38879280,Normani,Normani,SINGER,4.002331212585234,F,Normani,True,25,17,Atlanta,33.755,-84.39,3138.0,United States,1996-05-31,1996.0,,,,,,,,United States,,False,8.202567208513564,24.0,77980.0,1.529632980375193,52.46073155011789
40214934,Q15222833,40214934,Katherine_McNamara,Katherine McNamara,ACTOR,500.9339787497885,F,Kat_McNamara,True,35,17,"Kansas City, Missouri",39.09972222,-94.57833333,17454.0,United States,1995-11-22,1995.0,,,,,,,,United States,,False,3.817484669469138,25.0,341570.0,3.7343059431594265,52.168901760728446
16844183,Q213736,16844183,Bridgit_Mendler,Bridgit Mendler,ACTOR,0.0,F,bridgitmendler,True,44,17,"Washington, D.C.",38.90472222,-77.01638889,108956.0,United States,1992-12-18,1992.0,,,,,,,,United States,,False,3.644931481700872,28.0,178085.0,4.592783964707418,52.07895910708994
47869290,Q20983703,47869290,Hailey_Baldwin,Hailey Baldwin,MODEL,10.13039542106206,F,haileybaldwin,True,29,16,"Tucson, Arizona",32.22166667,-110.92638889,57180.0,United States,1996-11-22,1996.0,,,,,,,,,,False,2.661510592972058,24.0,1127219.0,4.172635945316425,51.7501243371141
51997327,Q27452406,51997327,Sadie_Sink,Sadie Sink,ACTOR,223.5669150614553,F,SadieSink,True,34,16,"Brenham, Texas",30.16194444,-96.39694444,136767.0,United States,2002-04-16,2002.0,,,,,,,,,,False,6.270510068048332,18.0,270161.0,2.94638935571438,51.73529184127332
51604371,Q26897673,51604371,Grace_VanderWaal,Grace VanderWaal,MUSICIAN,2.1246393282403333,F,GraceVanderWaal,True,23,16,"Lenexa, Kansas",38.96472222,-94.75944444,114649.0,United States,2004-01-15,2004.0,,,,,,,,,,False,8.730536129338713,16.0,211709.0,1.5209744674809214,51.64276877157389
1783180,Q298209,1783180,Willow_Smith,Willow Smith,SINGER,0.0,F,officialwillow,True,42,16,Los Angeles,34.05,-118.25,18110.0,United States,2000-10-31,2000.0,,,,,,,,United States,,False,3.8467779759539895,20.0,463481.0,4.325571410484352,51.55477082354291
44046607,Q18207144,44046607,Elizabeth_Lail,Elizabeth Lail,ACTOR,205.9855560318496,F,elizabethdlail,True,23,16,"Williamson County, Texas",30.66,-97.61,91404.0,United States,1992-03-25,1992.0,,,,,,,,,,False,4.0752037704809885,28.0,265780.0,2.979126457498482,51.481784357847125
42301410,Q16525974,42301410,Alexa_Bliss,Alexa Bliss,WRESTLER,11.378776108512517,F,AlexaBliss_WWE,True,30,16,"Columbus, Ohio",39.96222222,-83.00055556,5950.0,United States,1991-08-09,1991.0,,,,,,,,United States,,False,3.193613413213316,29.0,265891.0,3.7623282212199656,51.38560995027795
37981805,Q3208406,37981805,Chloe_Bennet,Chloe Bennet,ACTOR,129.62176502742008,F,chloebennet,True,31,16,Chicago,41.88194444,-87.62777778,6886.0,United States,1992-04-18,1992.0,,,,,,,,United States,,False,3.370829252555805,28.0,253854.0,3.819988680778071,51.29079351276703
26290918,Q234651,26290918,Danielle_Campbell,Danielle Campbell,ACTOR,443.86519560679824,F,daniellemcam,True,31,16,"Hinsdale, Illinois",41.80055556,-87.92805556,110993.0,United States,1995-01-30,1995.0,,,,,,,,,,False,4.175631192565103,25.0,226598.0,3.3934539464237266,51.23201178737339
17349106,Q26378,17349106,Ariel_Winter,Ariel Winter,ACTOR,4027.4549807015264,F,arielwinter1,True,32,16,"Fairfax, Virginia",38.8525,-77.30416667,91328.0,United States,1998-01-28,1998.0,,,,,,,,United States,,False,3.719183971219678,22.0,414902.0,3.8046773281750057,50.87326255703067
10291466,Q242792,10291466,Laura_Marano,Laura Marano,ACTOR,0.0,F,lauramarano,True,34,16,Los Angeles,34.05,-118.25,18110.0,United States,1995-11-29,1995.0,,,,,,,,United States,,False,3.9129080807600873,25.0,202479.0,3.7417399540578566,50.84671724468185
55205096,Q28784685,55205096,Bhad_Bhabie,Bhad Bhabie,SINGER,1.9390278936467005,F,BhadBhabie,True,21,16,"Boynton Beach, Florida",26.52805556,-80.07638889,109578.0,United States,2003-03-26,2003.0,,,,,,,,,,False,7.812617767330717,17.0,188983.0,1.4853711688122748,50.83668641996111
51064280,Q39048667,51064280,Sophia_Lillis,Sophia Lillis,ACTOR,1374.1294501037432,F,sophialillis,True,26,16,Brooklyn,40.69277778,-73.99027778,47384.0,United States,2002-02-13,2002.0,,,,,,,,United States,,False,4.180780595306203,18.0,600055.0,2.585739183145749,50.69768428353278
43272496,Q17403494,43272496,Meghan_Trainor,Meghan Trainor,MUSICIAN,1.0825477571070914,F,Meghan_Trainor,True,44,16,Nantucket,41.28277778,-70.09944444,62254.0,United States,1993-12-22,1993.0,,,,,,,,United States,,False,2.71169799859776,27.0,214941.0,5.213762858606843,50.39005972052832
457893,Q229263,457893,Alyson_Stoner,Alyson Stoner,ACTOR,0.0,F,AlysonStoner,True,36,16,"Toledo, Ohio",41.66555556,-83.57527778,30849.0,United States,1993-08-11,1993.0,,,,,,,,United States,,False,3.318124876321904,27.0,169450.0,4.197947051156188,50.3434892685418
59168236,Q59268408,59168236,Megan_Thee_Stallion,Megan Thee Stallion,SINGER,71.21592937124979,F,theestallion,True,23,16,"Bexar County, Texas",29.45,-98.52,91655.0,United States,1995-02-15,1995.0,,,,,,,,,,False,4.138280162357855,25.0,113244.0,1.3177080677761683,50.33328949406186
31438026,Q218279,31438026,Zoey_Deutch,Zoey Deutch,ACTOR,167.2889116301766,F,ZoeyDeutch,True,31,16,Los Angeles,34.05,-118.25,18110.0,United States,1994-11-10,1994.0,,,,,,,,United States,,False,2.32589949607746,26.0,551474.0,4.519696492939473,50.20548257325833
51807037,Q27064031,51807037,Joe_Keery,Joe Keery,ACTOR,27.4804429678847,F,joe_keery,True,26,16,"Newburyport, Massachusetts",42.8125,-70.87777778,116755.0,United States,1992-04-24,1992.0,,,,,,,,,,False,3.5554159789587594,28.0,176976.0,3.372028261135382,50.09831188548644
41476864,Q46994907,41476864,Maya_Hawke,Maya Hawke,ACTOR,46.57999108633657,F,mayahawkenet,True,22,16,New York City,40.71274,-74.005974,645042.0,United States,1998-07-08,1998.0,,,,,,,,United States,,False,3.870832880749682,22.0,441821.0,2.972723158324066,49.98146476182042
56968705,Q51120673,56968705,Doja_Cat,Doja Cat,SINGER,2.751311489733152,F,dojacat,True,29,16,Los Angeles,34.05,-118.25,18110.0,United States,1995-10-21,1995.0,,,,,,,,United States,,False,1.9720806558336943,25.0,681361.0,3.305572984840909,49.97654281695719
25066667,Q165625,25066667,Kathryn_Newton,Kathryn Newton,ACTOR,836.2948375715781,F,kathrynnewton,True,27,16,"Orlando, Florida",28.54,-81.38,100582.0,United States,1997-02-08,1997.0,,,,,,,,,,False,4.113592589627397,23.0,227949.0,3.1339479132408896,49.91631019832009
37607520,Q18921974,37607520,Lauren_Jauregui,Lauren Jauregui,SINGER,1.2975220002480452,F,LaurenJauregui,True,25,16,Miami,25.77527778,-80.20888889,53846.0,United States,1996-06-27,1996.0,,,,,,,,United States,,False,3.970818355960312,24.0,181595.0,2.603226565263573,49.64203038946105
23528038,Q7137312,23528038,Paris_Jackson,Paris Jackson,ACTOR,2.0902047921629765,F,parisjackson,True,23,16,"Beverly Hills, California",34.07305556,-118.39944444,75346.0,United States,1998-04-03,1998.0,,,,,,,,,,False,3.55150981733507,22.0,439663.0,3.1414768142930742,49.62607202656412
40530548,Q15059490,40530548,Madison_Beer,Madison Beer,SINGER,7.32715953659803,F,MadisonBeer,True,26,16,"Jericho, New York",40.78666667,-73.53666667,126729.0,United States,1999-03-05,1999.0,,,,,,,,,,False,3.278689900984899,22.0,424955.0,3.3253396447732926,49.6122995823745
35347635,Q6818195,35347635,Sasha_Banks,Sasha Banks,WRESTLER,23.77921199706746,F,SashaBanksWWE,True,31,16,"Fairfield, California",38.25777778,-122.05416667,60863.0,United States,1992-01-26,1992.0,,,,,,,,,,False,2.4127707294980154,28.0,266238.0,4.333439518766888,49.43887793516002
2985832,Q233474,2985832,Malese_Jow,Malese Jow,ACTOR,12.099500034957767,F,xomalese,True,27,16,"Tulsa, Oklahoma",36.13138889,-95.93722222,150969.0,United States,1991-02-18,1991.0,,,,,,,,United States,,False,3.961888777757903,29.0,83833.0,3.323624845243205,49.37851671556111
43030347,Q17166313,43030347,Camren_Bicondova,Camren Bicondova,ACTOR,102.83314722626976,F,camrenbicondova,True,19,15,San Diego,32.715,-117.1625,28504.0,United States,1999-05-22,1999.0,,,,,,,,United States,,False,5.253824585402441,21.0,179943.0,2.0748101053259784,49.04107740255781
4626966,Q24304,4626966,Eden_Sher,Eden Sher,ACTOR,1314.8762492878905,F,edensher,True,22,15,Los Angeles,34.05,-118.25,18110.0,United States,1991-12-26,1991.0,,,,,,,,United States,,False,3.473740607363388,29.0,126311.0,2.939881205087994,49.03165379221618
22039328,Q54868,22039328,Noah_Cyrus,Noah Cyrus,ACTOR,3.411634138298992,F,noahcyrus,True,42,15,"Nashville, Tennessee",36.16666667,-86.78333333,22018.0,United States,2000-01-08,2000.0,,,,,,,,United States,,False,3.2461032866539763,20.0,253498.0,4.696419556904492,49.01393888243486
24194794,Q489556,24194794,Amber_Liu_(singer),Amber Liu,SINGER,2.6667613200466223,F,llama_ajol,True,18,15,Los Angeles,34.05,-118.25,18110.0,United States,1992-09-18,1992.0,,,,,,,,United States,,False,4.300097222862768,28.0,121979.0,2.543573256991768,48.99462262695104
26405711,Q272915,26405711,Ciara_Bravo,Ciara Bravo,ACTOR,485.19064688855866,F,ciarabravo,True,41,15,"Alexandria, Kentucky",38.95888889,-84.38916667,115061.0,United States,1997-03-18,1997.0,,,,,,,,,,False,4.143946965823591,23.0,83434.0,3.956192608292417,48.95502185871217
47117666,Q20830731,47117666,Isabela_Moner,Isabela Moner,ACTOR,764.7974642179856,F,isabelamerced,True,32,15,Cleveland,41.48222222,-81.66972222,5951.0,United States,2001-07-10,2001.0,,,,,,,,,,False,2.835873257475161,19.0,547850.0,4.050714387095451,48.87137224124745
26813020,Q494992,26813020,Nicole_Jung,Nicole Jung,SINGER,5.1620015864898665,F,_911007,True,23,15,Los Angeles,34.05,-118.25,18110.0,United States,1991-10-07,1991.0,,,,,,,,United States,,False,4.14002072374609,29.0,64194.0,2.523670981379192,48.822628849874455
46404933,Q19878230,46404933,Willa_Fitzgerald,Willa Fitzgerald,ACTOR,134.3720667707725,F,willafitz,True,15,15,"Nashville, Tennessee",36.16666667,-86.78333333,22018.0,United States,1991-01-17,1991.0,,,,,,,,United States,,False,3.9632007555758815,29.0,140099.0,2.208826581884403,48.752014446231726
16284906,Q292749,16284906,Karlie_Kloss,Karlie Kloss,MODEL,3.49001180362888,F,karliekloss,True,34,15,Chicago,41.88194444,-87.62777778,6886.0,United States,1992-08-03,1992.0,,,,,,,,United States,,False,2.701268852955745,28.0,135625.0,4.513407849138199,48.684109250767264
40497944,Q14914898,40497944,Alexandra_Shipp,Alexandra Shipp,ACTOR,142.52003498931023,F,alexshipppp,True,24,15,"Phoenix, Arizona",33.45,-112.06666667,49121.0,United States,1991-07-16,1991.0,,,,,,,,,,False,3.1141051692588806,29.0,134080.0,3.4543811553948767,48.669467877824864
45570326,Q19019158,45570326,Jaeden_Martell,Jaeden Martell,ACTOR,993.2871592963676,F,jaedenmartell,True,27,15,Philadelphia,39.95277778,-75.16361111,50585.0,United States,2003-01-04,2003.0,,,,,,,,,,False,4.109095662463931,17.0,341556.0,3.1943439233617803,48.4666573537337
51650795,Q26926382,51650795,Caleb_McLaughlin,Caleb McLaughlin,ACTOR,74.80411537129449,F,calebmclaughlin,True,29,15,"Carmel, New York",41.385,-73.72944444,127030.0,United States,2001-10-13,2001.0,,,,,,,,,,False,4.710459898668006,19.0,158006.0,3.1495960987001985,48.44074480352975
36032752,Q291102,36032752,Olivia_Culpo,Olivia Culpo,CELEBRITY,1.5672070002392733,F,oliviaculpo,True,28,15,"Cranston, Rhode Island",41.76666667,-71.45,134322.0,United States,1992-05-08,1992.0,,,,,,,,United States,,False,2.800638301023169,28.0,146416.0,3.927798337496809,48.434967200627725
53875724,Q28549850,53875724,Liza_Koshy,Liza Koshy,YOUTUBER,3.4923905566771016,F,lizakoshy,True,18,15,Houston,29.76277778,-95.38305556,13774.0,United States,1996-03-31,1996.0,,,,,,,,United States,,False,6.618484983093421,24.0,43964.0,1.4775073820105562,48.43451705603148
38034251,Q7825754,38034251,Tori_Kelly,Tori Kelly,SINGER,1.4015692496143684,F,ToriKelly,True,29,15,"Wildomar, California",33.59888889,-117.28,107952.0,United States,1992-12-14,1992.0,,,,,,,,,,False,2.917644184839405,28.0,117452.0,3.81079242013795,48.34044609317785
12848838,Q229069,12848838,Jennifer_Stone,Jennifer Stone,ACTOR,189.38931326354304,F,comeagainjen,True,35,15,"Arlington, Texas",32.705,-97.12277778,95815.0,United States,1993-02-12,1993.0,,,,,,,,United States,,False,3.380289792251767,27.0,72427.0,4.250008517781026,48.15880123057662
2209733,Q194593,2209733,Erin_Sanders,Erin Sanders,ACTOR,413.8597634069052,F,,True,20,15,"Santa Monica, California",34.02194444,-118.48138889,28208.0,United States,1991-01-19,1991.0,,,,,,,,,,False,4.144704679402363,29.0,56319.0,2.319313234579286,48.0204073984534
32056806,Q259144,32056806,Willow_Shields,Willow Shields,ACTOR,944.5200895882984,F,willowshields,True,31,15,"Albuquerque, New Mexico",35.11083333,-106.61,51278.0,United States,2000-06-01,2000.0,,,,,,,,United States,,False,4.897623492698211,20.0,95740.0,3.291921377216974,48.01476789353725
18549165,Q5915240,18549165,India_Eisley,India Eisley,ACTOR,471.8828109085067,F,IndiaEisley1029,True,21,15,Los Angeles,34.05,-118.25,18110.0,United States,1993-10-29,1993.0,,,,,,,,United States,,False,3.5430916337944462,27.0,117449.0,2.9956651910108185,47.92486088676194
9576863,Q241749,9576863,Bailee_Madison,Bailee Madison,ACTOR,314.7747720656498,F,baileemadison,True,27,15,"Fort Lauderdale, Florida",26.13333333,-80.15,109028.0,United States,1999-10-15,1999.0,,,,,,,,,,False,3.2056285459416887,21.0,265272.0,3.648368172509617,47.89710043162531
428858,Q426999,428858,Frances_Bean_Cobain,Frances Bean Cobain,JOURNALIST,1.3981042579022505,F,The_SpaceWitch,True,22,15,Los Angeles,34.05,-118.25,18110.0,United States,1992-08-18,1992.0,,,,,,,,United States,,False,2.067150772895888,28.0,263224.0,3.771262813801641,47.28886258047694
20574042,Q230943,20574042,China_Anne_McClain,China Anne McClain,ACTOR,0.0,F,chinamcclain,True,36,15,"Decatur, Georgia",33.77138889,-84.29777778,110036.0,United States,1998-08-25,1998.0,,,,,,,,United States,,False,3.007360232923541,22.0,137810.0,4.455383404426026,47.2812829143226
38941354,Q13560358,38941354,Julia_Garner,Julia Garner,ACTOR,325.76088577316534,F,juliagarner94,True,29,15,The Bronx,40.83722222,-73.88611111,3338.0,United States,1994-02-01,1994.0,,,,,,,,United States,,False,1.648120883186225,26.0,322011.0,3.8224019383321832,47.2494313999268
55101767,Q38238309,55101767,Kristine_Froseth,Kristine Froseth,ACTOR,58.51405094116842,F,,True,19,15,New Jersey,40.0,-74.5,21648.0,United States,1996-09-21,1996.0,,,,,,,,,,False,3.723559373786285,24.0,121234.0,2.3179850555541583,47.2493167914928
1986795,Q234419,1986795,Alexa_Nikolas,Alexa Nikolas,ACTOR,118.76857435312073,F,LexNikolas,True,24,15,Chicago,41.88194444,-87.62777778,6886.0,United States,1992-04-04,1992.0,,,,,,,,United States,,False,3.2739415417927136,28.0,66230.0,3.0593581642739047,47.09803870274428
50717057,Q23771950,50717057,Lil_Uzi_Vert,Lil Uzi Vert,SINGER,19.748016904151008,F,liluzivert,True,30,15,Philadelphia,39.95277778,-75.16361111,50585.0,United States,1994-07-31,1994.0,,,,,,,,United States,,False,2.0371857552702606,26.0,191044.0,4.2056426949520125,46.93726356704208
47819793,Q20752077,47819793,Mckenna_Grace,Mckenna Grace,ACTOR,1114.854168119694,F,mckennagraceful,True,21,14,"Grapevine, Texas",32.935,-97.08583333,151158.0,United States,2006-06-25,2006.0,,,,,,,,,,False,3.963604766947655,14.0,430783.0,2.7212357791139423,46.73830123947318
41198544,Q16236368,41198544,Erin_Moriarty_(actress),Erin Moriarty,ACTOR,520.4501905542888,F,erinmoriarty_,True,16,14,New York City,40.71274,-74.005974,645042.0,United States,1994-06-24,1994.0,,,,,,,,United States,,False,2.8540962766655578,26.0,201926.0,2.698096426247357,46.73015770838614
3814037,Q238494,3814037,Spencer_Locke,Spencer Locke,ACTOR,536.6754379188426,F,SpencerLocke,True,19,14,"Winter Park, Florida",28.59611111,-81.34666667,109566.0,United States,1991-09-20,1991.0,,,,,,,,United States,,False,3.805730245243592,29.0,50863.0,2.763079673054807,46.65682816157043
40820169,Q16237562,40820169,Tony_Revolori,Tony Revolori,ACTOR,154.0418680137544,F,tonyrevolori,True,26,14,"Anaheim, California",33.83611111,-117.88972222,77520.0,United States,1996-04-28,1996.0,,,,,,,,,,False,3.79339267233941,24.0,72759.0,3.4362371159723364,46.65508688013536
4808226,Q273044,4808226,Keke_Palmer,Keke Palmer,ACTOR,0.0,F,kekepalmer,True,39,14,"Harvey, Illinois",41.61083333,-87.65194444,110988.0,United States,1993-08-26,1993.0,,,,,,,,United States,,False,1.9652003677710512,27.0,114485.0,5.347040946526003,46.572520595353794
20174244,Q177394,20174244,Ashley_Rickards,Ashley Rickards,ACTOR,2264.9346210143285,F,AshleyRickards,True,26,14,"Sarasota, Florida",27.33722222,-82.53527778,109756.0,United States,1992-05-04,1992.0,,,,,,,,United States,,False,3.369179693186396,28.0,47208.0,3.4949976678086565,46.46789579023812
11178187,Q254980,11178187,Madeline_Carroll,Madeline Carroll,ACTOR,75.66363643259616,F,IMMaddieCarroll,True,25,14,Los Angeles,34.05,-118.25,18110.0,United States,1996-03-18,1996.0,,,,,,,,United States,,False,3.880305667936398,24.0,64754.0,3.230011820711531,46.43748849164764
37837894,Q6161799,37837894,Jasmine_Tookes,Jasmine Tookes,MODEL,8.332875475328576,F,JasTookes,True,17,14,"Huntington Beach, California",33.69277778,-118.00027778,63816.0,United States,1991-02-01,1991.0,,,,,,,,,,False,3.896260367209685,29.0,47777.0,2.5017016447967926,46.3132119698742
22293420,Q272960,22293420,Stefanie_Scott,Stefanie Scott,ACTOR,9315.462847357065,F,StefanieScott,True,29,14,Chicago,41.88194444,-87.62777778,6886.0,United States,1996-12-06,1996.0,,,,,,,,United States,,False,3.834102371866439,24.0,52632.0,3.6472073764045234,46.29903930462008
33844071,Q271385,33844071,Azealia_Banks,Azealia Banks,ACTOR,2.2656424590734763,F,azealiabanks,True,34,14,New York City,40.71274,-74.005974,645042.0,United States,1991-05-31,1991.0,,,,,,,,United States,,False,2.0635589597004222,29.0,68416.0,4.881149343876343,45.83186687052956
55742666,Q42833024,55742666,Asher_Angel,Asher Angel,ACTOR,95.19214242807844,F,asherangel,True,23,14,"Phoenix, Arizona",33.45,-112.06666667,49121.0,United States,2002-09-06,2002.0,,,,,,,,,,False,4.176875070872225,18.0,111915.0,2.862782456167972,45.671325462946456
11321349,Q269110,11321349,Chloe_Bridges,Chloe Bridges,ACTOR,32.17238665291969,F,ChloeBridges,True,25,14,"Houma, Louisiana",29.5875,-90.71611111,115802.0,United States,1991-12-27,1991.0,,,,,,,,United States,,False,2.2509196307814263,29.0,71158.0,3.8508601167994208,45.42350118310392
33130384,Q233286,33130384,Gabby_Douglas,Gabby Douglas,GYMNAST,8.449742005614107,F,gabrielledoug,True,26,14,"Newport News, Virginia",37.07083333,-76.48444444,91277.0,United States,1995-12-31,1995.0,,,,,,,,United States,,False,2.4080586588401545,25.0,97498.0,3.958082007761393,45.160327149674565
36301418,Q137374,36301418,Katie_Ledecky,Katie Ledecky,SWIMMER,9.129559014993688,F,katieledecky,True,39,14,"Washington, D.C.",38.90472222,-77.01638889,108956.0,United States,1997-03-17,1997.0,,,,,,,,United States,,False,2.8897602462046423,23.0,48873.0,4.8409968903140665,45.09470277067737
46248350,Q20051697,46248350,Julia_Michaels,Julia Michaels,SINGER,1.6417935341340693,F,juliamichaels,True,36,14,"Davenport, Iowa",41.54305556,-90.59083333,8599.0,United States,1993-11-13,1993.0,,,,,,,,,,False,1.9269851770483373,27.0,70347.0,5.039849816294701,45.01813061993275
6402694,Q18989,6402694,Ryan_Newman_(actress),Ryan Newman,ACTOR,121.02053234507127,F,ryrynewman,True,27,14,"Manhattan Beach, California",33.88888889,-118.40527778,107656.0,United States,1998-04-24,1998.0,,,,,,,,,,False,3.700736859602413,22.0,50249.0,3.526613630210264,44.96273319435981
33264010,Q519784,33264010,Kaitlyn_Dever,Kaitlyn Dever,ACTOR,340.5419473898558,F,KaitlynDever,True,24,14,"Phoenix, Arizona",33.45,-112.06666667,49121.0,United States,1996-12-21,1996.0,,,,,,,,,,False,2.1081587725078483,24.0,162554.0,4.038934105537988,44.93830260646062
32640184,Q4398745,32640184,Rowan_Blanchard,Rowan Blanchard,ACTOR,407.3509273603088,F,rowanblanchard,True,34,14,Los Angeles,34.05,-118.25,18110.0,United States,2001-10-14,2001.0,,,,,,,,United States,,False,2.8747235416550003,19.0,100997.0,4.421052017581099,44.831890639611125
25045671,Q291405,25045671,Sky_Ferreira,Sky Ferreira,SINGER,6.745145639594371,F,skyferreira,True,25,14,Los Angeles,34.05,-118.25,18110.0,United States,1992-07-08,1992.0,,,,,,,,United States,,False,2.793806513203462,28.0,39731.0,3.6960223925072153,44.77935710436728
31265743,Q18804,31265743,Rebecca_Black,Rebecca Black,SINGER,0.0,F,MsRebeccaBlack,True,43,14,"Irvine, California",33.66944444,-117.82305556,5201333.0,United States,1997-06-21,1997.0,,,,,,,,,,False,2.2519468766010102,23.0,66321.0,5.524371765220073,44.77190941364217
60175849,Q61999077,60175849,Jolene_Marie_Rotinsulu,Jolene Marie Rotinsulu,MODEL,2.8744541612875745,F,joleneemarie,True,40,14,"Santa Ana, California",33.74083333,-117.88138889,70957.0,United States,1996-05-15,1996.0,,,,,,,,,,False,3.390332749039626,24.0,19552.0,4.014872123361333,44.59114105540287
6164957,Q234558,6164957,Bianca_Ryan,Bianca Ryan,ACTOR,55.15051713716443,F,BiancaRyan,True,21,14,"Ocean City, New Jersey",39.269523,-74.599797,125118.0,United States,1994-09-01,1994.0,,,,,,,,,,False,4.03815570900426,26.0,24697.0,2.8222943098402595,44.47913162956586
43618191,Q30072039,43618191,Quavo,Quavo,SINGER,2.5254897245093706,F,QuavoStuntin,True,19,14,"Athens, Georgia",33.95,-83.38333333,186859.0,United States,1991-04-02,1991.0,,,,,,,,,,False,1.943919441335536,29.0,104334.0,3.6555021105903833,44.413883338727366
41477002,Q22673974,41477002,Kaia_Gerber,Kaia Gerber,MODEL,14.134301619826738,F,KaiaGerber,True,22,13,Los Angeles,34.05,-118.25,18110.0,United States,2001-09-03,2001.0,,,,,,,,United States,,False,2.742808016943807,19.0,160796.0,3.31674126911267,44.30613131679775
1363623,Q265547,1363623,Makenzie_Vega,Makenzie Vega,ACTOR,312.9917758811575,F,,True,21,13,Los Angeles,34.05,-118.25,18110.0,United States,1994-02-10,1994.0,,,,,,,,United States,,False,2.796112697739623,26.0,50502.0,3.3035236970625266,44.03991457662337
27763312,Q235310,27763312,Alexis_Jordan,Alexis Jordan,SINGER,19.31515095711618,F,ALEXISJORDAN,True,24,13,"Columbia, South Carolina",34.00055556,-81.03472222,57851.0,United States,1992-04-07,1992.0,,,,,,,,United States,,False,3.851763544163336,28.0,13354.0,3.2138149090066195,43.81304092341799
47451203,Q20807289,47451203,Liv_Morgan,Liv Morgan,WRESTLER,9.205164967192516,F,YaOnlyLivvOnce,True,16,13,"Paramus, New Jersey",40.947299,-74.070169,124997.0,United States,1994-06-08,1994.0,,,,,,,,,,False,2.3973391519715963,26.0,87055.0,2.856779951587185,43.638955756177765
56636819,Q49561909,56636819,Sydney_Sweeney,Sydney Sweeney,ACTOR,1267.5863913645576,F,sydney_sweeney,True,16,13,"Spokane, Washington",47.65888889,-117.425,138268.0,United States,1997-09-12,1997.0,,,,,,,,,,False,2.5954835652715857,23.0,113074.0,2.864067639454454,43.52580232681844
26798926,Q238849,26798926,Kelsey_Chow,Kelsey Chow,ACTOR,578.3140677494547,F,kelseychow,True,23,13,"Columbia, South Carolina",34.00055556,-81.03472222,57851.0,United States,1991-09-09,1991.0,,,,,,,,United States,,False,1.548595981338812,29.0,81700.0,4.308578167140166,43.2205205486482
32834047,Q241847,32834047,McKayla_Maroney,McKayla Maroney,GYMNAST,14.345547499058636,F,McKaylaMaroney,True,27,13,"Aliso Viejo, California",33.575,-117.72555556,107804.0,United States,1995-12-09,1995.0,,,,,,,,,,False,2.0207938263527216,25.0,55588.0,4.382659493553367,42.83333860409442
25831844,Q434745,25831844,Tinashe,Tinashe,ACTOR,55.909372727740966,F,Tinashe,True,26,13,"Lexington, Kentucky",38.02972222,-84.49472222,50352.0,United States,1993-02-06,1993.0,,,,,,,,,,False,1.906206944994914,27.0,43827.0,4.088746803619761,42.69699388505552
24204441,Q264320,24204441,Seychelle_Gabriel,Seychelle Gabriel,ACTOR,41.04654662918399,F,seychellegab,True,22,13,"Burbank, California",34.18027778,-118.32833333,107608.0,United States,1991-03-25,1991.0,,,,,,,,,,False,2.0549590771422834,29.0,34376.0,3.795076672820856,42.57149757328285
50229776,Q21738166,50229776,Jenna_Ortega,Jenna Ortega,ACTOR,42.40757104462303,F,jennaortega,True,17,13,Coachella Valley,33.7,-116.2,750601.0,United States,2002-09-27,2002.0,,,,,,,,,,False,2.791069277281486,18.0,123122.0,2.7331220150942728,42.52621539243973
54828642,Q19959654,54828642,Lizzy_Greene,Lizzy Greene,ACTOR,591.2969068684424,F,greene_lizzy,True,15,13,Dallas,32.77916667,-96.80888889,53838.0,United States,2003-05-01,2003.0,,,,,,,,,,False,4.065177409998191,17.0,73049.0,2.2978197465208208,42.49386445575077
45371635,Q19667862,45371635,O'Shea_Jackson_Jr.,O'Shea Jackson Jr.,ACTOR,12.996854934085396,F,OsheaJacksonJr,True,19,13,Los Angeles,34.05,-118.25,18110.0,United States,1991-02-24,1991.0,,,,,,,,United States,,False,1.4676529931772644,29.0,84446.0,3.816153180148932,42.39014853144112
37889621,Q1651742,37889621,Quvenzhané_Wallis,Quvenzhané Wallis,ACTOR,2388.510197810469,F,IAMQUVENZHANE,True,31,13,"Houma, Louisiana",29.5875,-90.71611111,115802.0,United States,2003-08-28,2003.0,,,,,,,,,,False,2.925774269628534,17.0,51512.0,4.2338045045367725,42.08152694410938
29551546,Q27326,29551546,Caroline_Sunshine,Caroline Sunshine,ACTOR,365.7867093141204,F,CSunshine,True,27,13,Atlanta,33.755,-84.39,3138.0,United States,1995-09-05,1995.0,,,,,,,,United States,,False,2.765587998116643,25.0,19338.0,3.898928683561648,42.06155346658762
26535791,Q117867,26535791,Missy_Franklin,Missy Franklin,SWIMMER,0.0,F,MissyFranklin,True,31,13,"Pasadena, California",34.15611111,-118.13194444,92408.0,United States,1995-05-10,1995.0,,,,,,,,,,False,2.663142031990994,25.0,16789.0,4.424010655777501,41.89579009562716
38311499,Q4132067,38311499,Kiersey_Clemons,Kiersey Clemons,ACTOR,1120.53056875855,F,KierseyClemons,True,15,12,"Pensacola, Florida",30.43333333,-87.2,109162.0,United States,1993-12-17,1993.0,,,,,,,,,,False,2.154957429471338,27.0,51906.0,2.951039343708814,41.80600093298138
42009092,Q15768416,42009092,"Princess_Leonore,_Duchess_of_Gotland","Princess Leonore, Duchess of Gotland",NOBLEMAN,5.398737381904573,F,,True,31,12,New York City,40.71274,-74.005974,645042.0,United States,2014-02-20,2014.0,,,,,,,,,,False,6.325445973011195,6.0,52267.0,2.899078315616906,41.608296134094665
47844606,Q21005558,47844606,Daya_(singer),Daya,SINGER,4.388592919733529,F,daya,True,27,12,Pittsburgh,40.43972222,-79.97638889,25101.0,United States,1998-10-24,1998.0,,,,,,,,United States,,False,2.8212824813846726,22.0,22420.0,3.603791024381604,41.56405988882999
47689123,Q20973709,47689123,Beanie_Feldstein,Beanie Feldstein,ACTOR,277.2415192638956,F,BeanieFeldstein,True,16,12,Los Angeles,34.05,-118.25,18110.0,United States,1993-06-24,1993.0,,,,,,,,United States,,False,1.5719449592828616,27.0,79725.0,3.5321621078212613,41.18037225382045
36193058,Q2072265,36193058,Kelli_Berglund,Kelli Berglund,ACTOR,422.69137734502783,F,kelliberglund,True,18,12,"Moorpark, California",34.28111111,-118.87361111,108333.0,United States,1996-02-09,1996.0,,,,,,,,,,False,2.3705583488119766,24.0,36874.0,3.0424315050196773,41.119415381970335
21014532,Q235682,21014532,Madison_De_La_Garza,Madison De La Garza,ACTOR,169.69209992885692,F,Maddielovesyou1,True,21,12,Dallas,32.77916667,-96.80888889,53838.0,United States,2001-12-28,2001.0,,,,,,,,United States,,False,2.439408866133427,19.0,64485.0,3.53457472927145,41.07241246564749
52699522,Q18211858,52699522,Mackenzie_Ziegler,Mackenzie Ziegler,ACTOR,77.94613251710828,F,kenzieziegler,True,17,12,Pittsburgh,40.43972222,-79.97638889,25101.0,United States,2004-06-04,2004.0,,,,,,,,,,False,2.990755923153087,16.0,81064.0,2.669708303674205,41.06098501160233
46550539,Q20752020,46550539,Madilyn_Bailey,Madilyn Bailey,SINGER,2.67378100219783,F,MadilynBailey,True,15,12,"Boyceville, Wisconsin",45.04333333,-92.04027778,138986.0,United States,1992-09-02,1992.0,,,,,,,,,,False,2.8847339753740044,28.0,16092.0,2.6306437647687706,41.00891100323714
26250189,Q3949513,26250189,Katie_Stevens,Katie Stevens,ACTOR,81.95198785166058,F,thekatiestevens,True,16,12,"Southbury, Connecticut",41.47361111,-73.23416667,108805.0,United States,1992-12-08,1992.0,,,,,,,,,,False,2.011804391096144,28.0,32538.0,3.002245635436524,40.95991513833896
56810449,Q27778126,56810449,Yuka_Momiki,Yuka Momiki,SOCCER PLAYER,43.75385418006908,F,nicole_m09,True,35,12,New York City,40.71274,-74.005974,645042.0,United States,1996-04-09,1996.0,,,,,,,,United States,,True,2.423269625149865,24.0,10515.0,4.173950099244323,40.631255575969625
37665485,Q5698914,37665485,Ruby_Riott,Ruby Riott,WRESTLER,8.333082700948655,F,RubyRiottWWE,True,16,12,"Edwardsburg, Michigan",41.79555556,-86.08083333,117239.0,United States,1991-01-09,1991.0,,,,,,,,,,False,1.8493486366720595,29.0,28823.0,2.999068918366597,40.6172629380698
42219277,Q16240326,42219277,Bea_Miller,Bea Miller,SINGER,3.361125684476524,F,BeaMiller,True,22,12,Manhattan,40.78333333,-73.96666667,45470.0,United States,1999-02-07,1999.0,,,,,,,,,,False,2.948709245949226,21.0,23655.0,3.4800727052050817,40.59444582385844
1245864,Q260331,1245864,Olivia_Olson,Olivia Olson,ACTOR,31.39462215487528,F,oliveolson,True,25,12,Los Angeles,34.05,-118.25,18110.0,United States,1992-05-21,1992.0,,,,,,,,United States,,False,1.8781526821083447,28.0,18376.0,4.322109393730138,40.51218658833251
24972730,Q236378,24972730,Jackie_Evancho,Jackie Evancho,SINGER,10.684208890980162,F,jackieevancho,True,29,12,Pittsburgh,40.43972222,-79.97638889,25101.0,United States,2000-04-09,2000.0,,,,,,,,United States,,False,1.745842219857932,20.0,55562.0,4.708264480781899,40.33598274521924
26698749,Q453620,26698749,Yara_Shahidi,Yara Shahidi,ACTOR,134.0356070443631,F,yarashahidi,True,19,12,Minneapolis,44.98194444,-93.26916667,6097240.0,United States,2000-02-10,2000.0,,,,,,,,,,False,1.862035954865702,20.0,79380.0,3.5951827031013583,40.11200428813384
37893071,Q2685550,37893071,Francesca_Capaldi,Francesca Capaldi,ACTOR,302.1821205044031,F,ImTheFrancescaC,True,19,12,La Jolla,32.84,-117.27694444,165081.0,United States,2004-06-08,2004.0,,,,,,,,,,False,3.801497546827131,16.0,24380.0,2.737227872367617,39.7616972363572
36993749,Q2377185,36993749,Angel_Haze,Angel Haze,SINGER,8.173577339386581,F,AngelHaze,True,19,11,Detroit,42.33138889,-83.04583333,8687.0,United States,1991-07-10,1991.0,,,,,,,,,,False,1.4819252684313635,29.0,22388.0,3.9083417290895417,39.088783568423935
19529684,Q5119701,19529684,Cierra_Ramirez,Cierra Ramirez,ACTOR,293.1942819115019,F,cierraramirez,True,20,11,Houston,29.76277778,-95.38305556,13774.0,United States,1995-03-09,1995.0,,,,,,,,United States,,False,1.8895993217293816,25.0,20090.0,3.684641285401887,38.92077057143022
33420403,Q508893,33420403,Gracie_Gold,Gracie Gold,SKATER,5.294739645718722,F,GraceEGold,True,17,11,"Newton, Massachusetts",42.33694444,-71.20972222,105945.0,United States,1995-08-17,1995.0,,,,,,,,,,False,2.4798059746058545,25.0,12272.0,2.9506178841559647,38.79152613471931
41747787,Q15649119,41747787,Chloe_Kim,Chloe Kim,ATHLETE,11.158447796205824,F,chloekim,True,23,11,"Long Beach, California",33.76833333,-118.19555556,94240.0,United States,2000-04-23,2000.0,,,,,,,,,,False,2.340286065824892,20.0,17334.0,3.7704965272000543,38.30315234334208
22562040,Q462852,22562040,Taylor_Spreitler,Taylor Spreitler,ACTOR,314.3024253727573,F,taylorspreitler,True,16,11,"Hattiesburg, Mississippi",31.31583333,-89.30861111,129294.0,United States,1993-10-23,1993.0,,,,,,,,,,False,1.8065150496595104,27.0,17664.0,3.3131512025848098,38.29345543290582
2211734,Q267386,2211734,Raquel_Castro,Raquel Castro,ACTOR,1191.6936927761565,F,RaquelCastro,True,17,11,New York City,40.71274,-74.005974,645042.0,United States,1994-11-17,1994.0,,,,,,,,United States,,False,1.9372334504279165,26.0,14954.0,3.296695615469796,38.16254410983065
22084884,Q602245,22084884,Jordyn_Wieber,Jordyn Wieber,GYMNAST,8.130522383481434,F,jordyn_wieber,True,20,11,"DeWitt, Michigan",42.84222222,-84.56916667,117341.0,United States,1995-07-12,1995.0,,,,,,,,,,True,1.7882247237598003,25.0,16555.0,3.810151478874293,38.08480453103338
5697752,Q438499,5697752,Allie_Grant,Allie Grant,ACTOR,606.0883485971489,F,TheAllieGrant,True,16,11,"Tupelo, Mississippi",34.25972222,-88.72583333,122352.0,United States,1994-02-14,1994.0,,,,,,,,,,False,2.0580831948704974,26.0,11216.0,3.2119172350906253,37.51370768296522
50561266,Q24174947,50561266,JoJo_Siwa,JoJo Siwa,YOUTUBER,1.0298335658686943,F,itsjojosiwa,True,16,11,"Omaha, Nebraska",41.25,-96.0,46159.0,United States,2003-05-19,2003.0,,,,,,,,,,False,1.374509362117676,17.0,105278.0,3.251427310750968,36.8529740469
46374484,Q19864989,46374484,Victoria_Monét,Victoria Monét,SINGER,19.22198673542398,F,VictoriaMonet,True,15,10,Georgia (U.S. state),33.0,-83.5,48830.0,United States,1993-05-01,1993.0,,,,,,,,United States,,False,1.4516800422706355,27.0,13170.0,2.605377280367442,36.75765035760058
39040150,Q15696586,39040150,Liza_Soberano,Liza Soberano,ACTOR,3.7655493221648015,F,lizasoberano,True,17,10,"Santa Clara, California",37.35444444,-121.96916667,108163.0,United States,1998-01-04,1998.0,,,,,,,,,,False,1.530465480049094,22.0,16725.0,3.447725528543435,35.62289320271527
33934074,Q464732,33934074,Melanie_Amaro,Melanie Amaro,SINGER,4.191727997167277,F,,True,18,10,"Fort Lauderdale, Florida",26.13333333,-80.15,109028.0,United States,1992-06-26,1992.0,,,,,,,,,,False,1.841124046491227,28.0,3296.0,3.588516666809064,34.987622586324555
24896876,Q522088,24896876,Kaitlyn_Maher,Kaitlyn Maher,ACTOR,1.1570267452148466,F,KaitlynMaher,True,32,10,Michigan,44.0,-85.0,18859.0,United States,2004-01-10,2004.0,,,,,,,,,,False,2.783864604437207,16.0,3528.0,4.315264210763052,34.88249356169126
21501560,Q236523,21501560,Allison_Iraheta,Allison Iraheta,SINGER,2.142786719311651,F,AllisonIraheta,True,19,10,"Glendale, California",34.14611111,-118.255,81602.0,United States,1992-04-27,1992.0,,,,,,,,United States,,False,2.00339663039602,28.0,2337.0,3.5278775096302577,34.86437849313768
40600541,Q15710550,40600541,Laurie_Hernandez,Laurie Hernandez,GYMNAST,11.563133059332465,F,,True,17,9,"Old Bridge Township, New Jersey",40.404632,-74.308537,125435.0,United States,2000-06-09,2000.0,,,,,,,,,,False,1.5237515862586637,20.0,13379.0,3.544666209295058,34.189208937496176
33606620,Q8160,33606620,Carly_Rose_Sonenclar,Carly Rose Sonenclar,SINGER,4.765779147409557,F,CarlyRoseMusic,True,16,9,New York City,40.71274,-74.005974,645042.0,United States,1999-04-20,1999.0,,,,,,,,United States,,False,1.6948902427229056,21.0,8472.0,3.3077785432511044,33.85235175016813
31000171,Q271796,31000171,Lauren_Alaina,Lauren Alaina,SINGER,4.0475678684040775,F,Lauren_Alaina,True,19,9,"Rossville, Georgia",34.97638889,-85.29111111,110409.0,United States,1994-11-08,1994.0,,,,,,,,,,False,1.1559208995964951,26.0,5660.0,4.032968572479662,33.24702844571737
22255554,Q515717,22255554,Isabella_Acres,Isabella Acres,ACTOR,233.32998546613584,F,,True,17,9,Atlanta,33.755,-84.39,3138.0,United States,2001-02-21,2001.0,,,,,,,,United States,,False,2.2401975602703987,19.0,4224.0,3.269440510458569,33.04100282341678
18507967,Q188361,18507967,Bridget_Sloan,Bridget Sloan,GYMNAST,6.696232412384133,F,bridgetsloan,True,16,9,Cincinnati,39.1,-84.51666667,18522615.0,United States,1992-06-23,1992.0,,,,,,,,United States,,False,1.618795537005017,28.0,1958.0,3.5259961189140787,32.5188175143533
6955398,Q4260632,6955398,Dee_Dee_Davis,Dee Dee Davis,ACTOR,156.37928156319975,F,,True,19,7,"Culver City, California",34.00777778,-118.40083333,107618.0,United States,1996-04-17,1996.0,,,,,,,,,,False,1.2114307838878184,24.0,1192.0,3.985177173005614,28.88569665009665
62810909,Q83648587,62810909,Charli_D'Amelio,Charli D'Amelio,YOUTUBER,5.708477507167727,F,,True,22,0,"Norwalk, Connecticut",41.09388889,-73.41972222,314046.0,United States,2004-05-01,2004.0,,,,,,,,,,False,,16.0,,,11.761399485108624
